Organization,Frequency
HSBC,46
Moody ' s,39
Bloomberg,38
Vale,21
BM & FBovespa,21
Sete,21
Volkswagen,19
McDonald ' s,18
S & P,17
Cifras & Letras,16
FGV,16
BTG Pactual,14
Reuters,14
Sete Brasil,14
Ib,13
PwC,13
Google,13
Easynvest,12
Standard & Poor ' s,12
BW Offshore,12
OAS,11
Folhainvest,11
Financial Times,10
Guide Investimentos,10
Itaú Unibanco,10
Queiroz Galvão,10
Fi,10
Alumini,10
Clear Corretora,9
Apple,9
Credit Suisse,9
BRF,9
Facebook,9
co,8
Santander,8
BW,8
Banco Mizuho do Brasil,8
Ogpar,8
Reers,8
XP Investimentos,8
Folha Folha BM & FBovespa,8
Oi,8
Fitch,7
Mercedes - Benz,7
Folhavest FGV Folha,7
Treviso Corretora,7
Braskem,7
Banco de Tokyo - Mitsubishi,6
BG,6
Goldman Sachs,6
Insper,6
Lopes Filho,6
Yahoo !,6
Rico,6
Total,6
BR Distribuidora,6
CM Capital Markets,6
Berkshire Hathaway,6
Itaú,6
Folha Folha,6
Bradesco,6
Gradual Investimentos,6
Citibank,5
JBS,5
PwC PricewaterhouseCoopers,5
EcoRodovias,5
Moody ' s Moody ' s,5
Ford,5
Bradesco HSBC,5
UTC,5
de,5
CSN,5
3G,5
Carrefour,5
Vivo,5
INVX Global Partners,5
Western Union,5
GE,5
Paulo,5
Amazon,5
LCA,5
Odebrecht,5
ESPM,5
Força,5
OGX,5
Twitter,5
FGV Fundação Getulio Vargas,5
Brasil,5
Elepaulo,4
Hang Seng,4
Niki,4
São Paulo Investments,4
BSGR,4
Dataha,4
YPFB,4
JPMorgan,4
Coca - Cola,4
Banco Santos,4
MB Associados,4
TIM,4
New York Times,4
CB,4
Atlântico Sul,4
Força Sindical,4
Fiat,4
Tendências Consultoria,4
Xiaomi,4
er,4
GM,4
Hypermarcas,4
OS,4
TOV Corretora,4
NT,4
Hyundai,4
Argumento Cultura Fnac Livraria da Folha Martins Fontes Saraiva,3
Sya,3
Alumini Alumini,3
Braso Lisboa,3
Premise,3
do,3
Alta Books,3
Energia,3
Cadiz,3
Áquilla Asset Management,3
Unica,3
TAM,3
General Motors,3
Walmart,3
Cummins,3
Sicpa,3
The Guardian,3
Fo,3
Concórdia,3
bilidade,3
S & P S & P,3
Ourinvest,3
Geral Investimentos,3
Eurot,3
dos,3
The Wall Street Journal,3
óleo,3
ep,3
res,3
Galvão Engenharia,3
Zoom,3
Volvo,3
Toyo,3
PSR,3
Tesla,3
Delta,3
Copel,3
ro,3
ig,3
FGV - SP,3
Tecnisa,3
Shell,3
S & P Standard & Poor ' s,3
ABC Color,3
Se,3
CPFL,3
Microsoft,3
Sete Brasil Sete,3
grupo Bradesco,3
New Yorker,3
Kantar Worldpanel,3
Canal do Crédito,3
Embraer,3
Uber,3
Avianca,3
IHS,3
Petrobras Distribuidora BR,3
das Indústrias do,3
GTS,3
BMW,3
AB,3
China Securities Journal,3
Leme Investimentos,3
O O,2
Magliano,2
Berkshire Hathaway 3G Capital,2
Petróleo,2
Land Rover,2
Leandro & Stormer,2
Santander Brasil,2
Volks,2
Banco Rural,2
Mattos Filho,2
Movimento,2
Ecovias,2
getais,2
France Presse,2
hpec,2
Latam,2
Standard & Poor ' s Sete Brasil,2
MS,2
BBT Asset,2
Energisa Borborema,2
Data Popular,2
TAM Gol,2
CPFL Jaguari,2
IOB / Sage Folha,2
Google Facebook,2
Volksgen Volkswagen,2
Apple Apple,2
The Economist,2
Seadrill,2
Abimo,2
Pirelli,2
Empresas,2
Instituto de Finanças Internacionais,2
Dow Jones,2
T T,2
Guide Investimentos BI & P Indusval & Partners,2
Grupo Folha,2
Mais AD,2
P - RIO,2
Controlar,2
Aço Brasil,2
Eletronorte,2
Folhainvest FGV Folha,2
F de São Mateus,2
Marfrig,2
OAS Invepar,2
Cosmopolish,2
Vine,2
Santos Brasil,2
Camargo Correa,2
OAS Investments Limited OAS Finance Limited,2
K1 NIC . br,2
YouTube,2
TV Alphaville,2
Souza Cruz,2
S & P Moody ' s,2
Itaú Unibanco Itaú,2
Sindicato dos Metalúrgicos do ABC,2
IBGC,2
O Opera,2
Economática,2
Yellowstone Club,2
Facebook Twitter,2
99motos,2
Tendências,2
Ambev,2
Casino,2
Casas Bahia,2
Ceise - Br Centro das Indústrias do Setor Sucroenergético e Biocombustíveis,2
More Money,2
Skagen,2
SR Rating,2
Indiegogo,2
CN Ibe CN Ibope,2
C C,2
Simpi,2
Eisa,2
Un,2
Wall Street Journal,2
ZDF,2
Hospit,2
Iesa,2
ôno,2
Claro HDTV,2
Banco Safra,2
Instituto GPO,2
WikiLeaks Google,2
Pris,2
Moody´s,2
BBC,2
OSX OGX,2
PBSC,2
FGV Fundação Getulio Vargas Folha,2
motores,2
Deutsche Bank J . P . Morgan,2
Coteminas,2
Deloitte BNP Paribas Folha,2
Fitch Ratings Fi,2
MRV,2
BNP Paribas,2
Google Hausfeld Avisa,2
Berkshire 3G Capital Heinz,2
Atla,2
Valor Econômico,2
ABC,2
Nik,2
Bloomberg News,2
HSBC / Markit Reuters,2
Condal,2
Claro,2
Wolf Popper,2
Bamerindus,2
Beepi,2
For,2
Curitiba Livraria da Folha Livraria da Vila Argumento e Cultura,2
The New York Times,2
""" Financial Times """,2
NBC,2
See - SP,2
Telefônica,2
Athenas General Index,2
Beta Securities,2
GuiaBolso,2
OSX,2
das Indústrias do Estado de São,2
Força Sindical UT,2
Thymos,2
S &,2
Braga & Moreno Consultores e Advogados,2
Volksgen,2
ECA,2
Arup,2
BRF Sadia Perdigão,2
BG & H Real Estate,2
Banco do Brasil,2
Blinktrade,2
Perão,2
Toyota,2
Serasa Experian,2
Bradesco BTG Pactual Santander,2
Straits Times,2
Marcopolo,2
Taiex,2
Id,2
Kos,2
SS CS,2
Siqueira Castro,2
Lazard New York Daily News,2
Economatica,2
Club Med,2
Amazon Amazon,2
c Folha,2
RC Consultores,2
Banco Santos Folha,2
Sws,2
Veirano,2
Frutos do Brasil,2
Mendes Júnior,2
Burger King,2
Grupo Vicunha,2
Fitch Standard & Poor ' s,2
BTG,2
Videolar,2
CCX,2
FGV Fundação Getúlio Vargas,2
EBX,2
Got,2
KonSCIO,2
Google Google,2
BR,2
"Aeroportos Brasil "" "" Viracopos S . A .",2
Estrela,2
Nova Dutra,2
M & FBovespa,2
Rico Vale,2
Tuchê,2
UOL,2
Spotify,2
Golden Foods Siam,2
na,2
Catho,2
En,2
Ogpar OS,2
Google Ap Store,2
IBP,2
Data Favela,2
GO Associados,2
V V,2
Naturebox Graze,2
InternationalLiving . com,2
Mitsui,2
Banco Brasil Plural,2
Endeavor,2
Via Varejo,2
GM General Motors,2
Um Investimentos,2
e - Trade,2
ro Mitsui,2
Iron Trader,2
TripAdvisor,2
Cartoon Network Nickelodeon Myspace JP Online Ort Del Or To Ort Tools Web Dicas,1
ABRH Brasil Associação Brasileira de Recursos Humanos,1
HSBC Guardian,1
Sky News HSBC,1
UBS,1
Kaspersky Kaspersky,1
Kaspersky,1
Tuchê Asset,1
Financial Times Kaspersky,1
HSBC HSBC Le Monde HSBC HSBC,1
Tuchê Tuchê,1
Palmeiras Folha,1
M2BS,1
Aço Brasil Abimaq,1
dos Caminhone Rodeio Bonito,1
Ouro Preto Energia,1
Eltec,1
juí,1
E - bit,1
Dataha Simpi Sindicato da Micro e Pequena Indústria de São Paulo,1
Folha Vale Vale Valemax Rio Tinto BHP Billiton,1
HS,1
See Nacional,1
Or Twitter Google Twitter Plaay,1
porte e Log,1
Vale BBT Asset Management,1
Rede Empreendedora R,1
Mulheres no Trânsito,1
Curves,1
Universidade Drexel,1
Sociedade de Administração de Recursos Humanos dos EUA,1
Arise Virtual Solutions,1
S Sete Brasil,1
Merrill Lynch e Age Wave Centro Sloan do Envelhecimento e Trabalho Boston College Work at Home Vintage Employees,1
Procter & Gamble,1
York Inside . com,1
Bancos AS,1
Daimler,1
Daimler Mercedes Volvo GM Ford Scania,1
York Times,1
' Times,1
Record Folha,1
Show,1
BB,1
Tesouro Direto,1
Ordem dos Advogados,1
Caetano do Sul Volkswagen Sindicato dos Metalúrgicos de São José dos Campos General Motors do Brasil,1
Nestlé Nestlé,1
de Altos Estudos Comerciais,1
Jornalistas Investigativos,1
Insecta Shoes,1
Net,1
Valemax,1
CBIE,1
Commerzbank,1
s Distribuidorasíveis Lubrificantes,1
Restaurant Brands Burger King Tim Hortons Burger King Tim Hortons Tim Hortons Burger King Restaurant Brands Tim Hortons Burger King McDonald ' s Burger King Tim Hortons,1
Nestlé,1
EC,1
CBIE Centro Brasileiro de Infraestrutura Folha,1
Casino Grupo Pão de Açúcar,1
Marítima de Xangai,1
Instituto ESPM,1
Casino Casino,1
Pioneer Energy Pioneer Energy,1
Folha Fitch Standard & Poor ' s,1
Daily,1
Biotonico Fontourat,1
HSBC Santander Citibank,1
Folha Sindicato dos Metalúrgicos de São Caetano do Sul Sindicato dos Metalúrgicos de,1
BM &vespa,1
Odebrecht UTC OAS Engevix Camargo Corrêa,1
Shippify i Apple,1
Fitch Fi,1
Shippify,1
Norwegian,1
Nacional Ossos,1
UTC Triunfo Participações e Investimentos Egis Airport Operation,1
Norwegian Air,1
Her,1
Associação de Banqueiros Suíços ABS Boston Consulting Group,1
Guide PDG Realty Braskem,1
Netplo,1
Apex,1
HSBC HSBC,1
Alpargatas Havaianas Osklen Timberland,1
General Motors Chevrolet,1
Ambev Skol,1
Ambev Itaipava Petrópolis,1
Antica,1
Cosco China Ocean Shipping Company Cosco China Merchants,1
Menta Kar Heinen Fischer Itaipava Y & R Brahma,1
ística,1
"BW Offshore BW BW Folha "" Gazeta Online """,1
Inside Business Design BetaLabs,1
Portifolion BS Petrobras Vale,1
Sobtema,1
iminas,1
iminas Ternium - Techint Nippon Steel,1
Marketing Folha ESPM TV Folha Tecnisa Twitter,1
Sete Sete,1
Jess Meet Ken,1
Birchbox,1
Bradesco BTG Pactual Santander FI - FGTS Previ Funcef Banco do Brasil,1
Emit,1
Emit Hyundai Corp,1
Instituto de Estudos Latino - americanos na Universidade Federal de Santa Catarina Ins Ous,1
Champion Taekwondo Academy Matheson,1
S Sete,1
PSA Peugeot Citroën,1
Peeot Nissan,1
Perry Capital,1
Nisan,1
Land Rover landrover landrover,1
Idf Instituto de Desenvolvimento Econômico e Social de Fronteiras Folha,1
Matheson Trucking,1
Idesf Instituto de Desenvolvimento Econômico e Social de Fronteiras Folha Idf,1
Sobtema Stemac,1
óveis,1
NGO,1
Braskem Braskem,1
"Folha "" Gazeta Online """,1
Instituto Etco Instituto Brasileiro de Ética Concorrencial,1
F Mateus BW Offshore,1
BW Offshore BW Folha,1
"O Estado de S . Paulo """,1
WhatsApp Facebook,1
"Folha Folha "" Gazeta Online """,1
Ambev Skol Ambev,1
Skol,1
Petrobras Vale Itaú Bradesco Banco do Brasil,1
Petrobras Vale,1
TV Folha ESPM,1
BDES,1
dos Caminhoneiros Rodeio Bonito,1
mos,1
Dynamic Producer,1
Sul,1
"O Globo """,1
Chrysler Chrysler Chler,1
Harvard Business Review Press Amazon Insead,1
Atlas,1
""" New York Times",1
"NT "" Guardian WikiLeaks",1
NT The Atlantic Monthly,1
Cummins Ceres,1
Brookfield Renewable Energy,1
Grupiara,1
Ki,1
Dama Ki,1
Easy Carros Easy Carros,1
Hon Hon,1
PwC PricewaterhouseCoopers PC PricewaterhouseCoopers Folha PwC,1
Vida e Saúde,1
Boston Consulting Group Qualcomm,1
Santa Clara,1
Forbes,1
AB Inbev,1
C Força Sindical UT,1
Folhaet,1
Google play App Store,1
CHT Tecnologia CameraHot,1
Financeiras,1
UniCredit,1
Sexyjobs . com,1
ículos Automotores,1
""" The New York Times """,1
Hon Acura,1
Eurott,1
Vice Folha,1
FMC Novozymes Green Plains,1
IF Folha,1
Usiminas Vale,1
Folha NT,1
Santander Bradesco Itaú,1
Idf Instituto de Desenvolvimento Econômico e Social de Fronteiras,1
Vice,1
Idf,1
Ferrero,1
Nestlé Ferrero,1
her Ovo,1
Fair Corretora,1
Pioneer Corretora de Câmbio,1
Data Favela See,1
Esmalteria Nacional,1
Data Favela Data Popular,1
terior,1
Folha ABC Rodovias,1
Seadrill Seadrill,1
Fundação Dom Cabral,1
Se SP,1
Apple Alliance Data Systems,1
Brasileirinhas,1
U Eletrobras,1
MGO Rodovias,1
Swleaks,1
Forebrain,1
Craigslist,1
Hire a Bridesmaid,1
OS OGX,1
PUC - RIO,1
FGV FGV,1
Avanti Palmeiras,1
Atlântico Sul Queiroz Galvão Camargo Correia Sete Atlântico Sul Sete,1
Sete Brasil Atlântico Sul Veja Folha Sete Brasil,1
' Daily News ',1
Comercial e Industrial de São Miguel D ' Oeste,1
New York Times New York Post,1
Ac Supermercados,1
New York Daily News New York Daily News,1
de Supermercados,1
Buscapé Company E - bit E - bit Buscapé,1
Fiat Amazon . com,1
Volkswagen Volkswagen Folha Volkswagen,1
General Motors GM Sindicato dos Metalúrgicos de São José dos Campos e Região,1
War on Want McDonald ' s de Sindicatos de Serviçoss Sindicato Internacional de Trabalhadores de Serviços McDonald ' s,1
McDonald,1
"The Daily Mail """,1
Investec,1
Social Blade YouTube DC Toy Collector Disney Collector BR,1
""" Daily Mail """,1
Vila 7,1
Wh,1
Caixa Cultural,1
GTS Sete Brasil,1
Federal Reserve Santander Deutsche Bank Trust Corporation Deutsche Bank AG,1
Santander Deutsche,1
Welt am Sonntag German Bundestag,1
Motiva Royal Dutch Shell Saudi Aramco USW Internacional,1
Motiva Enterprises,1
""" New York Times """,1
""" New Yorker",1
ESPM de Porto Alegre,1
Lufthansaer,1
Vanbilt,1
La,1
banco HSBC Louis Vuitton,1
Condé Nast Rolex,1
The New Yorker,1
Companhia das Letras New York,1
dos Caminhone,1
Worcester Foundation,1
Movimentoja ABC,1
Universidade,1
America On - Line,1
Sete Itaú Standard Chartered Caixa Econômica Banco do Brasil Bradesco Santander FI - FGTS,1
HSBC HSBC Worcester Equities Inc .,1
Sete Sete Estaleiro Atlântico Sul EAS,1
GTS Vale,1
Odebrecht TransPort Odebrecht Ambiental grupo Odebrecht OAS Óleo e Gás,1
eada do Paraguaçu,1
do Brasilance,1
Triunfo,1
do Transporte de Cargas e Logística Rural Brasileira,1
Advocacia -,1
TV Globo jornal Extra,1
jaja e Milho MT,1
OB Organização das Cooperativas Brasileiras,1
mentos,1
TIM Claro,1
Oi Tim Vivo Claro,1
BigBox,1
Aurora,1
Moody ' s Reuters,1
Catarina,1
Carnes e Derivados,1
Moody ' s BTG Pactual Moody ' s Fitch BTG Itaú,1
Fi P C R,1
dass de Óleos,1
PSA Peugeot Citroën Renault,1
Rodoviária,1
Óleos Vegetais,1
Farm Show,1
Bacchus Assets Limited,1
"Le Monde "" ICJ International Consortium of Investigative Journalists",1
UOL Grupo Folha,1
Rico XP Investimentos XP,1
Real FM,1
Insta,1
McDonald ' s Contrah Confederação dos Trabalhadores em Turismo e Hospitalidade,1
SE,1
TIM Claro Oi Vivo,1
I International Union Federation,1
OAS UTC Engenharia Odebrecht,1
japonesa Kawasaki Enseada Indústria Naval,1
Vivo Claro TIM Oi,1
Itaú BBA,1
Folha Ensada Paraguaçu Ensada,1
Sete Brasil Paraçu,1
NTC & Logística Associação Nacional do Transporte de Cargas e Logística Folha NTC & Logística,1
ga,1
Persg,1
BRF Aurora,1
Reuters FGV Fundação Get,1
Vargas FGV FGV,1
Volkswagen Volkswagen,1
pecuária,1
Rosenberg & Associados,1
Telefônica Oi,1
Sinmetalsjc Sindicato dos Metalúrgicos de São José dos Campos GM,1
Oi Telefônica CTBC Embratel Sercomtel,1
ce Shoppings Centers,1
eite dass de Laticínios e Produtores Derivados,1
Soja e Milho,1
Salsjc,1
h Arcos Dourados McDonald ' s,1
Contrah McDonald ' s,1
dos Trabalhadores Rodoviários do Estado de São Paulo,1
AT,1
Bradesco Kopenhagen TAM Folha CBN Unicef Porto Seguro Pro Segur Risqué Bozzano Faber - Castell Pizzaria 1900 Burger King,1
Kidania,1
dos Transportadores Autônomos de Carga de Ijuí,1
Usiminas,1
dass de Transporte de Cargas e Logísticas no Rio Grande do Sul,1
Americas Society Moody ' s,1
Wechat WhatsApp Wechat Wet Wet Wechat,1
Wet Tencent Wechat Alibaba Sina Baidu,1
Unica da Indústria de Cana - de - Açúcar,1
Sineite Sindicato das Indústrias de Laticínios e Produtos Derivados,1
Carrefour Casino,1
Consolidation Coal Company,1
GPA GPA Casino GPA,1
GP,1
CPPIB BR Properties Brookfield Carrefour Brasil,1
Carrefour Península Reers,1
Grupo Pão de Açúcar Canada Pension Plan Investment Board CPPIB Brookfield Asset Management BR Properties,1
Papirus 7 Mar,1
Carrefour Brasil Península Participações,1
ja MT,1
pecu,1
Rota do Oeste Odebrecht Transport Reers,1
Atlas Frugal Innovation,1
Meu TIM Bla TIM,1
Abetrônica,1
Embraer TIM,1
The Economist Amazon The Monopolists,1
Soros Fund Management,1
Usinas,1
Trabalhadores em Transporte e Logística,1
Oi TIM,1
Usinas Nippon Steel Ternium - Techint Usiminas,1
Odebrecht TransportT,1
MS Via,1
LCA Folha,1
Eletrobrás,1
Netplo Folha,1
UTE Elebrás Elebrás,1
HSBC Guardian HSBC,1
Numericable -FR Numericable - SFR Vivendi SFR Numericable Numericable - SFR Virgin Mobile France Numericable Vivendi Numericable Altice Vivendi Vivendi Vivendi Virgin Vivendi,1
Elebrás,1
Heinz,1
Vivendi Altice Numericable - SFR,1
3G Wall Street Journal 3G Campbell Soup PepsiCo,1
Eletrobras UTE,1
RB Capital,1
ral,1
ativa,1
Telco,1
de Transportadores,1
Telefónica Telefónica TIM,1
ônomos,1
Telco Telecom Italia TIM Telco Telefónica Assicurazioni Generali Intesa Sanpaolo e Mediobanca,1
Telefónica GVT Vivo,1
GVT Telefônica Brasil Telefônica Brasil Vivendi GVT,1
Cayenne,1
Antena TV,1
Eletronuclear Eleuclear Eleuclear Eleuclear,1
on Bloomsbury USA Amazon,1
Eletronuclear grupo Eletrobras,1
Associação deicultura BRF Folha Proteína Animal,1
", Serviços e Turismo",1
Ben,1
Malta Today,1
"Today """,1
et,1
Engevix,1
Fundação Get,1
Louis,1
Vargas FGV,1
FGV / Ibre FGV,1
Louis Berkshire Hathaway Berkshire Hathaway,1
Berkshire Hathaway Devlet Louis Motorradvertriebs,1
Autônomos,1
Sy,1
BW BW,1
USS Universities Superannuation Scheme,1
Danske Bank,1
Extra,1
Grupo Pão de Açúcar GPA Extra GP GP Extra GP Casino Extra Pão de Açúcar Pão de Açúcar Extra GP Pão de Açúcar Extra Supermercado Assaí GP Extra Hiper GPA,1
Altas,1
Carga de Ijuí,1
alq - USP,1
TIM GVT Telefônica Oi Oi Oi Oi TIM O TIM Oi Claro Vivo,1
TIM Oi,1
Telecom Italia TIM Folha Telecom Italia TIM Brasil Folha Telecom Italia,1
Sindmetalsjc Sindicato dos Metalúrgicos de São José dos Campos GM,1
eio Bon,1
GM GM,1
motiva,1
banco HSBC,1
OG,1
Época,1
Vicunha Fibra É HSBC,1
Oi Folha,1
Claro TIM Vivo,1
Icij,1
Google Ap,1
LCA Consultores,1
BW Offshore BW,1
Am,1
AES,1
Fitch Ratings,1
Sulgás,1
Exterior,1
Instituto,1
General Motors do Brasil Chevet General Motors,1
Transportadores Autônomos,1
Sindicato dos Transportadores Autônomos de Carga,1
c ) RMC,1
c SJC Sinditac Goiás Sinditac Goiânia e Região Sinc SJP - PR Sinc,1
dosgonheiros,1
Trabalhadores Transporte e Logística CN dass e Transportadores de Combustível e Derivados,1
América The Wall Street Journal,1
SalesBrain no,1
Claro grupo América Móvil TIM Oi Vivo grupo Telefónica,1
Folha Embraer,1
Caxton FX,1
Sec SP Núcleo da Real Estate Poli - USP,1
Cyrela,1
Odebrecht Odebrecht,1
Desenvolvimento B Copa,1
3M HP Caterpillar Procter & Gamble Heineken Dell,1
PanamaEmpreende,1
Universitário,1
terano de,1
Inovatec,1
Vip - Systems GeekSys,1
Vip - Systems,1
Valley,1
Valley Pub Valley Thai,1
Umb,1
ista do Grande,1
Geoimovel Tecnologia Imobiliária,1
Três Estrelas Três Letras,1
Kroton Ser Educacional,1
torcroenergético ecombustíveis,1
Oxfam Oxfam,1
i - SP,1
Raízen,1
Raízen Unica União da Indústria de Cana - de - Açúcar,1
Raen,1
Ce,1
Concórdia Citibank,1
i . Social,1
Citibank Bradesco Estácio Citibank,1
RBS,1
Folha Folha BM & FBovespa Folhainvest,1
Garde Asset Management,1
Sweet Angels Alta Books,1
Sextante,1
de Velas Santa Rita,1
Santa Cruz das Almas dos Enforcados,1
Imagens Bahia,1
Cat Town Cafe,1
EuroBit Foxbit Foxbit Foxbit,1
Fashion . me Bitinvest,1
Cat Town Cafe & Adoption Center,1
Cat Town Café,1
Cat Town Café & Adoption Center,1
dadeis,1
Folha CoinMap . org,1
Za,1
Ultrafitness Ultrafarma,1
Adega Suíça,1
Dow Jones S & P 500,1
Sicot,1
ot,1
H . Moser & Cie,1
Foxbit Western Union,1
Se Motocar,1
Casa do Cigano,1
Branch Metrics,1
Gamaro,1
MDL Huma,1
Coelho da Fonseca,1
Mercado Bitcoin Bitstamp,1
Tecnisa Tecnisa,1
Google Facebook Google Facebook Google,1
Branch Metrics Famo . us,1
Motocar,1
Grupo BGS Clash Club Lab Club,1
Pilotis BGS,1
Universidade Mackenzie,1
BSP Business School São Paulo Shop2Gether,1
Pre Power Point,1
Pre TED Conferences Pre,1
Oxfam Oxfam Internacional,1
Victória Potencial,1
OS Elepaulo O CPFL Energia,1
Xinhua Xinhua,1
Sul Rádio e Televisão Sul Shopping Pátio Brasil de Con,1
TV XXI Parque Corporate,1
Banco Pine,1
REST Ib Itaú Unibanco BB Vale Bank of America Merrill Lynch,1
Crédito,1
Thymos Energia,1
PricewaterhouseCoopers,1
Pátio Brasil,1
Datagro Unica,1
Gradual L Tendências,1
Unica - açúcar,1
Datagro,1
Tractebel,1
Eleul,1
Bancário Sul,1
Comercial Sulcário Sul,1
CervBrasil,1
Santo,1
Mercedes Mercedes,1
Moody ' s Andrade Gutierrez Andrade Gutierrez International Moody ' s Andrade Gutierrez,1
OAS Fitch S & P Standard and Poor ' s Moody´s Fi,1
Construtora Queiroz Galvão Galvão Participações Galvão Engenharia Mendes Júnior Trading e Engenharia MJTE MJTE S & P Moody ' s Mendes Júnior,1
Andrade Gutierrez,1
Clear Corretora BM & FBovespa Banco,1
Petrobras Bunge JBS,1
Bundesbank,1
JBS JBS Seara Marfrig JBS,1
Bunge BRF Cargill Embraer Louis Dreyfus ADM Samarco Vale BHP Billiton,1
Natura Avon,1
pecpec LCA,1
Gradual Investimentos LCA,1
Welt am Sonntag,1
Brasil Afbras Associação Cerveja CervBrasil Ambev Petrópolis Heineken Brasil Kirin,1
Alumini Engenharia,1
Redação Folha Folha,1
Itaipu Binacional,1
míveis Lubrificantes,1
Brasoil,1
Petrobras Global Trading,1
dos Sindicatos C eadoras U Central Sin,1
Wh Folha Via Quatro,1
s Distribuidorasustíveis de Lubrificantes,1
Via Quatro,1
Indústria,1
Via Oeste Folhapaulo ONS,1
Ogpar Óleo e Gás Participações,1
ão Azul,1
OGPar,1
Eleuclear,1
BM & FBovespa CPFL Light Cemig Tractebel Copel Energias do Brasil Cesp Eletrobras,1
Gerdau,1
Ox UBS Ox,1
Delloite Alumini,1
S Ib Cosan Eletrobras Copel CPFL Eletropaulo Cemig Lights do Brasil Tractebel,1
UM Investimentos,1
Casas Bahia Magazine Luiza Ponto Frio Ricardo Eletro Insinuante Fast Shop,1
Via Varejo Casas Bahia Pontofrio Via Varejo,1
Máquina de Vendas Ricardo Eletro e Insinuante Máquina de Vendas,1
OS OS,1
Petrobras Itaú,1
Elebras,1
Ox,1
Andrade Gutierrez Camargo Corrêa,1
Folha O,1
Comerc Thymos Energia,1
Compass,1
Ele,1
Única dos dos Sindicatos de Trabalhadores eadoras do Geral Central Sindical,1
BS Credit Suisse OBT,1
Straumann Sonova Credit Suisse Straumann,1
O Compania Administradora del Mercado Mayorista Eletrico da Argentina,1
Boitempo,1
S & P500 Ibespa,1
Villela e Kraemer Advogados,1
Santander Brasil Superor Super,1
Santander Super,1
Super Super Santander Super,1
Construtora Queiroz Galvão Galvão Participações Galvão Engenharia Mendes Júnior Trading e Engenharia MJTE MJTE Mendes Junior Construtora Queiroz Galvão Fi Galvão Participações Galvão Engenharia OAS Fitch S & P Standard and Poor ' s Moody´s OAS,1
igosipamentossológicos,1
Volkswagen Mercedes - Benz,1
Serasa Experian Serasa Experian,1
Elebras Elepaulo,1
dos Países Exportadores,1
Guerra Randon Marcopolo,1
Philips IBM,1
Casa Faro Turismo,1
Casa Faro,1
Ibespa,1
CPFL Sul Paulista,1
CPFL Leste Paulista,1
Leroy Merlin,1
""" Times Boston Globe "" Times Co .",1
Embraerer Credit Suisse,1
Credit Suisseer Embraer,1
Bloomberg Bradesco Bradesco,1
Abra Via Varejo Casas Bahia Pontofrio,1
Eletros,1
Vale Rio Tinto BHP Billiton,1
CPFL Santa Cruz,1
Informa Economics FNP,1
IBRE / FGV,1
Exchan,1
Folha PwC,1
e Elétrica,1
CPFL Mococa,1
OAS Fitch OAS OAS Fi,1
OAS Investimentos Invepar,1
Fi OAS OAS OAS G5 Evercore Mattos Filho White & Case LLP,1
Austin Rating,1
Cartezyan,1
BM & FBovespa Ib Eletropaulo Rossi Residencial Cosan Logística Multiplan Ib Itaú Unibanco Bradesco Ambev Petrobras Vale Cielo BRF Telebrás Ib,1
"Corpo das Três Gargantas Xinhua """,1
Corpo das Três Gargantas,1
Banco,1
Pan - Americano Votorantim Itaú Unibanco,1
EIU Economist Intelligence Unit EU,1
Nielsen Music Apple Beats Beats Music,1
EU,1
O Boticário,1
"GO Associad "" os",1
Ford Volks Mercedes - Benz,1
Greater Miami Convention and Visitors Bureau GMC & VB,1
GMC & VB,1
iTunes,1
iTunes Apple Spotify Deezer,1
Club Méditerranée,1
Fitch OAS O OAS Empreendimentos,1
Fosun International,1
Club Med Global Resorts,1
Fosun Club Med,1
Club Med Strategic Holdings Global Resorts Investindustrial GP Investiments Sol,1
zner KKR Fosun,1
Fosun Club Med Club Med,1
OAS OAS Finance OAS OAS Construtora OAS OAS Empreendimentos Grupo OAS,1
Fi Fi Volksgen Volksgen Fi V Ford Chevet,1
Vanen Google Amazon,1
Audi BMW Mercedes - Benz grupo Jaguar Land Rover,1
Rocco Pixar,1
Saraiva,1
Chelsea Green Publishing Amazon,1
Volks Folha V,1
Washington Post,1
Time Co Bloomberg Bloomberg,1
Time Co . Bloomberg,1
Volkswagen de,1
PT SGPS,1
PT Sindicato da Portugal Telecom PT Altice PT Oi Oi Portugal Telecom,1
Acrilex ZOM,1
Partners Group,1
Seaborn Networks Partners Group,1
Partners Group Natixis Partners Group Microsoft,1
Bernardo,1
Conselho da Portugal Telecom SGPS Portugal Telecom Oi Portugal Telecom,1
Volkswagen do Brasil,1
Xiaomi Xiaomi Counterpoint Research,1
Xiaomi Lenovo Huawei,1
BNY Mellon BS B,1
UBS Credit Suisse B,1
BB Sete Brasil,1
"Oi PT Altice Oi Oi Diário Económico """,1
Gerdau CSN Usiminas,1
Folha Sete Brasil Sete Brasil Folha Sete,1
Google Amazon Apple,1
Elsevier Ibre Instituto Brasileiro de Economia FGV,1
L2M Comunicação Brasil,1
Sadia,1
Atlantic Monthly Press Amazon,1
SulAmerica Investimentos,1
Tor Books,1
Google Google + Google X,1
Bank of America - Merrill Lynch,1
Nest Google id,1
Nest,1
Folha Folha Banco do Brasil Sete B BDES,1
PriceWaterhouseCoopers PwC GVT Telefónica,1
Atacadão Carrefour,1
Folhabanban,1
Sete Bradesco BTG Pactual Santander,1
Xiaomi Samsung Apple,1
""" New York Times "" Bloomberg",1
NYT NYT,1
IB,1
Morgan Stanley Ford,1
Secovi - SP,1
Instituto Reuters para o Estudo de Jornalismo Universidade Oxford,1
Ibre / FGV Economatica,1
"New York Times Co . New York Times """,1
Standard & Poor ' s Moodys Mendes Júnior,1
DIW Reuters,1
Fitch Standard & Poor´s Mendes Júnior S & P Moody´s Mendes Junior Mendes Júnior Moody ' s,1
Alumini Engenharia Alusa,1
Ali,1
Sintramon em Empresas de Montagem e Manutenção de Itaboraí Alumini,1
Vale BM & FBovespa,1
Citigroup,1
Nordea,1
Capital Economics,1
Xiaomi Xiaomi,1
The Corner,1
étrica,1
Moody ' s Mega Energia,1
Moodys,1
Mega Energia,1
JBS Pilgrim ' s Pride Pilgrim ' s JBS Standard & Poor ' s JBS,1
Abrainc Associação de Incorporadoras Imobiliárias,1
McDonald ' s Nandos Shake Shack Grill ' d Mad Mex McDonald ' s,1
CPPR Odebrecht Mendes Junior UTC,1
McDonald ' s The Corner The Corner McDonald ' s Austrália,1
Banco Mundial,1
Mundial Itaú Unibanco Bradesco Banco do Brasil,1
Alumini Alusa,1
mon Montagem e Manutenção Industrial Cidade de Itaboraí Tubovias Andrade Gutierrez GDK Andrade Gutierrez,1
TE - AG Techint Andrade Gutierrez,1
Santo Antônio Energia,1
Moody´s Odebrecht Finance,1
cóveis Paulo,1
BHP Billiton Weir Group ABB Smiths Moody ' s BHP Moody ' s The Weir Group Smiths Group Metso Corporation ABB Siemens,1
Bradesco Bradesco Bradesco Bradesco Brad Brad Bradesco,1
BRFoods,1
Jato Dynamics,1
Jato Dynamics Toyo,1
Chip Shakeck,1
Rosen Law Firm,1
Almeida Advogados,1
Planner Planner,1
Grupo Toyo,1
Grupo Setal,1
Instituto Internacional de,1
IIF IIF,1
II,1
Facebook Google,1
FGV FGV IBRE,1
grupo Fiat Hemobrás,1
BB Investimentos Bradesco,1
Ibovespa Bradesco Ib,1
Renault Sindicato dos Metalúrgicos da Grande Curitiba Renault GM,1
CB Centro,1
S & P Standard & Poor ' s S & P,1
Honda Motor Takata,1
Takata Hon,1
Hon Reers Hon,1
Instituto ESPM Companhia de Cerveja Paraense,1
Folha VW,1
Proteste Associação de Consumidores,1
MAN,1
Dinheiro Público & Cia Folha,1
Moody ' s Vale Moody ' s S & P Standard & Poor ' s Vale Goldman Sachs,1
Valem Ib,1
"Associação da Indústria de Higiene Pessoal , Perfumaria e Cosméticos ABIHPEC",1
tin,1
BM &Bovespa,1
Oi Portugal Telecom PT Rio Forte Grupo Espírito Santo Oi PT Rio Forte Oi O,1
Folha Oi,1
General Motors GM,1
mercados,1
Força Sin,1
Ac Associação Comercial e Industrial de Sertãozinho,1
Ora da Região Centro - Sul Canaoestetadores do Oeste do Estado de São Paulo,1
B &vespa,1
ce Centers,1
"FEA - RP Faculdade de Economia , Administração e Contabilidade de Ribeirão Preto",1
Canadá Investimentos Diários Associados Hapvida,1
Sinranca Sindicato da Indústria de Calçados de Franca,1
Sinércio Sindicato do Comércio Varejista de Sertãozinho e Região,1
TIM Wh T,1
T Whp T,1
Sinlebrasil Wikipédia Facebook Sinlebrasil,1
Steel Index,1
Moody ' s Fitch,1
TV Alagoas Sistema Opinião de Comunicação SOC,1
ONG Artigo 19,1
Apple GazProm,1
Simisa Fuzi - tec,1
Ogpar Óleo e Gás Participações OGX,1
""" Valor """,1
Yahoo ! Alibaba Yahoo ! Alibaba Alibaba Yahoo ! Aliba New York Times,1
BGC Partners Yahoo ! Alibaba Yahoo ! Yahoo ! Thomson Reuters I / B / E / S Yahoo !,1
Shiseido,1
Mobile Apple,1
TV Ponta,1
Microsoft United Technologies,1
Fort Pitt Capital Group,1
Johnson & Johnson Pfizer IBM,1
Diários Associados do Nordeste Hapvida,1
Diário de Pernambuco,1
Canadá Investimentos Hapvida Diários Associados do Nordeste Hapvida,1
BM & Fbovespa Moody ' s Fitch Standard & Poor ' s,1
Fi S & P Standard and Poor ' s,1
O OAS OAS,1
FGV Fundação Getulio Vargas Moody ' s,1
Folha de Londrina,1
Un Cana - de Açúcar,1
HSBC / Markit,1
Nike,1
Mini in the Box,1
Comdinheiro para a Folha,1
TM,1
Dove Men + Care Unilever Nissan Toyota McDonald ' s Coca - Cola Budweiser,1
Associação Pizzarias Unidas AP WhApp,1
WhatsApp,1
Siqueira Castro Advogados Folhainvest,1
Folhavest Folha BM & FBovespa Folhainvest,1
Sindicato da Indústria de Reparação de Veículos e Acessórios de São,1
Contro,1
Banco Bamerindus,1
Ogilvy & Mather grupo WPP,1
"Welt am Sonntag """,1
Alopji Shoppingce Centers,1
Energisa Borborema CPFL Mococa,1
Um Investimentos PriceWaterCoopers Folha,1
Itaú Unibanco Itaú Itaú XP Investimentos Bradesco Vale,1
Banco Rural de Investimentos Banco Mais Banco Simples,1
Rural Rural,1
Sinro Sindicato do Comércio Varejista de Derivados de Petróleo do,1
NYC & Company,1
Coinvalores,1
instituto Ilumina,1
CNN,1
"The Wall Street Journal """,1
Moody ' s Moody ' s Standard & Poor´s S & P,1
"S & P The Wall Street Journal """,1
Moody´s S & P Fitch,1
Tecnomotor,1
Alshop,1
OAS OAS O O,1
Business Insider,1
Informação e Coorden,1
do Ponto br,1
NIC . NIC . br,1
NIC . br,1
N .,1
K1,1
Yahoo ! Google YouTube LinkedIn Facebook,1
Hon Toyo Takata Takata Hon,1
Yahoo ! Alibaba Yahoo !,1
Rosenberg Associados,1
St . Martin ' s Press Amazon Wall Street Journal,1
"Atlas F Faculdade de Economia , Administração e Contabilidade da USP",1
Baker Hughes,1
Reers Pentágono DTVM OAS,1
K1 K1 NIC .r Núcleo,1
AcX Dod Viper Je Grand Cherokee Hon Odyssey Pontiac Vibe Toyo Corolla Toyo Matrix Toyo Avalon TRW Automotive,1
Alshop Folhace,1
Tejofran,1
Centro de Pesquisa para o Desenvolvimento,1
ANZ,1
Assaí Atacadista,1
DryWash Interbrilho Acquabrasilis,1
Panasonic,1
Panasonic Tejofran Dry Wash,1
Kärcher Kärcher,1
Toyota Chrysler Honda National Highway Traffic Safety Administration,1
Kärcher,1
Vine Twitter Vine,1
Coca - Cola McDonald ' s Disney Bradesco,1
Twitter Twitter Brasil,1
Credit Suisse Gradual Investimentos,1
Rhodia,1
Vale S & P Ib,1
Standard & Poor ' s Bradespar Vale S & P Ib,1
Moody´s Norberto Odebrecht,1
S & P Moody ' s Fitch,1
""" Economist """,1
S & P Standard & Poor ' s Vale S & P S & P Goldman Sachs,1
Index,1
Oi TIM Participações,1
ers TIM Oi Altice TIM,1
Oi Portugal Telecom Altice Oi,1
Forçadical,1
Ib Goldman Sachs,1
Vale Goldman CSN Ib,1
Itaú Unibanco Bradesco,1
XP Securities,1
FGV Folha,1
last,1
Abim,1
Folha Rede D ' Or Carlyle Rede D ' Or BTG Pactual,1
"The Economist """,1
Nova Mix Quatá Nilza,1
Nilza,1
LeYa Forbes,1
Sap,1
""" Kyodo "" Amazon do Japão Kyodo "" Amazon",1
CrossHarbor Capital Partners,1
Discovery Land Company,1
PBSC Urban Solutions,1
Bradesco Itaú Brad,1
HSM,1
Paulo Italac Niza Ital Niza,1
Oxford University Press Amazon,1
Brookings Institute,1
banco JPMorgan Chase,1
Nilza Goiasminas Indústria de Laticínios Italac Italac Nilza,1
Ital,1
Sineite Sindicato da Indústria de Laticínios e Produtos Derivados no Estado de,1
Amil UnitedHealth Intermédica Bain Capital,1
Privados,1
Getulio,1
Galvão Engenharia UF3,1
Volkswagen GM Toyo,1
banco UBS Toyo,1
Daihatsu,1
Energia Sustentável do Brasil,1
Ogpar OGX,1
Sinopec Galvão Engenharia,1
jan,1
PRS,1
das Indústrias do Estado do Rio de,1
comercio - SP,1
rcio - RJ,1
Abad de Atacadistas e Distribuidores,1
Pine,1
Acrefi,1
Toyo Volkswagen GM Toyota Daihatsu Hino Volkswagen GM,1
Wall Street Journal Bloomberg,1
Hospital Albert Einstein,1
CEB,1
CBE CBE,1
CBE,1
Portugal Telecom SGPS Oi,1
Altice Oi,1
T Vivo Claro Folha Telecom Italia T O Portugal Telecom SGPS O PT SGPS,1
Oi PT Portugal O Portugal Telecom PT O,1
Folha GO Associados,1
Comércio e Serviços,1
BM & FBovespa Ib,1
Escola de Investimentos Leandro & Stormer,1
pa,1
Chrysler Chler,1
American Express,1
American Express American Express,1
BlackRock,1
Tendências Tendências MB Associados,1
SP Negócios,1
Telco Telecom Itália Telefónica Telefônica Brasil GVT,1
Alliance for Audited Media Pen Lu,1
Monde,1
Sy Gregos Independentes,1
GVT Telefônica Brasil Telefónica,1
Telefónica GT Vivendi,1
Telecom Itália TIM Telefônica Brasil Telefónica Telecom Italia Vivendi GVT,1
Telefônica Brasil Vivo GVT Telefónica TIM Oi Claro Vivo Oi,1
Extra Extra,1
McDonald ' s Folha McDonald ' s,1
- SP Digitais Peixe Urbano Groupon Peixe Urbano,1
Peixe Urbano TodoVino,1
CupoNation,1
Guiato,1
Dataha Simpi Sindicato da Micro e Pequena Indústria do Estado de,1
Play,1
Ir,1
I BM & FBovespa Ib,1
NII Holdings Nextel,1
grupo AES Reers,1
YPF,1
Organização dos Países Exportadores Petróleo,1
Play The New York Times,1
Husr Penouse,1
AT & T NII Holdings Nextel,1
NII Holdings,1
Standard & Poor ' s Bradespar,1
NII,1
AT & T Nextel México Iusacell Nextel Iusacell,1
América Móvil,1
Claro Telefónica América Móvil Telefónica América Móvil AT & T AT & T,1
PO & G,1
Vale BM &vespa,1
Forcefield,1
AG Caixa Caixa,1
Lide,1
Folha Folha Whp Folha Folha Internacional Folha Adobe Analytics TV Folhaação,1
Yacimientos Petrolíferos Fiscales Bolivianos YPFB AB,1
Unilever Dove Kibon Unilever,1
Dow Chemical,1
Folha IV Instituto Verificador,1
lação Facebook Folha,1
Folha IV,1
Pão de Açúcar CPFL Totvs,1
to,1
Catalyst,1
Ibovespa BM & FBovespa Folha,1
Cemig BB Seguridade Banco do Brasil Ibovespa,1
Ins,1
McDonald ' s Burger King,1
Pacific Management Consulting Group McDonald ' s,1
Moneyou,1
Tesouro,1
Instituto Acende Brasil,1
SaveMe,1
ABN,1
Air Europa Iberia TAM,1
Abagem,1
CVC Aba,1
Folha BM & FBovespa,1
Facebook Insta,1
West Plaza Bourbon,1
British Airways Swiss Royal Air Maroc Air France,1
Rio Bravo The One,1
Renda Corporativa,1
Rio Bravo J . Safra Real Estate Recebíveis Imobiliarios Real Estate Renda Imobiliária Real Estate Multi Gestão,1
Air France - KLM,1
KLM,1
Emirates,1
Fitch S & P S & P Fi,1
Enel En,1
Instituto Cultural ESPM,1
SP Market Minidocks Minidocks,1
HSBC Bradesco HSBC,1
Bradesco HSBC Bradesco HSBC HSBC Bradesco,1
Reclame Aqui Folha,1
Reclame Aqui Nielsen,1
SRT Importadora GuardeAqui,1
Buildings,1
MetroFit,1
Ban,1
Citibank Santander,1
Santander Santander Citibank,1
Bradesco HSBC Itaú Bradesco HSBC Bradesco HSBC,1
Bradesco HSBC Bradesco HSBC,1
Marfrig MMS Participações,1
MMS Participações Marfrig,1
TOV,1
Bradesco HSBC Brasil Ib HSBC Bradesco,1
Bradesco HSBC Bradesco,1
UBS Citigroup,1
Caixin Media HSBC Markit,1
portadores,1
dos Países,1
PVM,1
Stewart Race Team HSBC,1
Bradesco HSBC HSBC Bradesco,1
Bradesco HSBC HSBC Bradesco Losango HSBC HSBC Bradesco Itaú Itaú Unibanco Bradesco HSBC HSBC,1
HSBC Bradesco Itaú Unibanco,1
Bradesco HSBC HSBC Bradesco HSBC Bradesco HSBC,1
Markit,1
Ediouro HarperCollins Christian Publishing grupo HarperCollins Thomas Nelson Brasil HarperCollins Publishers,1
HarperCollins Publishers News Corp Ediouro HarperCollins Brasil HarperCollins Thomas Nelson Brasil Ediouro Harlequin Brasil Ediouro Nova Fronteira Petra Harlequin Grupo Editorial Record HarperCollins,1
CS,1
ar Skagen,1
Renewable & Sustainable Energy Reviews,1
Folha Fitch Ratings,1
Bloomberg UBS,1
Eisa Mauá,1
Eisa Sinaval Sindicato Nacional da Indústria de Construção e Reparação Naval Offshore dos Niterói,1
Banco Fator,1
BTCGreece,1
Coinbase Twitter,1
Coinfloor,1
Ib Fibria Ib Suzano,1
Folha Instituto de Energia e,1
Iesa Óleo e Gás,1
Iesa Inepar,1
Folha Iesa,1
Petrogal I,1
banco Nossa Caixa,1
Folha Sindicato dos Metalúrgicos do ABC Mercedes - Benz,1
Eisa Petro - Um,1
Universidade Yale,1
Get,1
Foot Locker Jimmy Jazz,1
Emp,1
"Foot Locker Jimmy Jazz "" Jimmy Jazz",1
Wil Amazon,1
Bitack Financial Times,1
Sum,1
Instagram Facebook,1
Veja,1
Grupo Ultra postos Ipira,1
eadoras,1
Panasonic Samsung LG Tesla,1
idas,1
os e,1
IEE -,1
Caixin / Markit Caixin Insight Group,1
GAM Holdings,1
Vale Ib Itaú Bradesco,1
MDI Consultoria Empresarial,1
Laboratório de Design da Universidade da Califórnia em San Diego Ub,1
Gerdau RBS Cimento Penha Boston Negócios,1
SLW,1
Nikkei,1
CS300,1
Kospi,1
Bullet,1
Oi TIM Telecom Italia Nextel,1
Arena do Marketing Folha ESPM TV Folha,1
Positivo Quantum Go,1
Positivo Positivo Informática,1
Quantum,1
Odebrecht Biocom,1
Norberto Odebrecht Odebrecht Agroindustrial ETH Odebrecht Serviços de Exportação,1
Google Google Google Google Google Google Google Google,1
tora Western Union Treviso Corretora Aliança,1
CSN CSN,1
22 Graus Boa Show,1
Boat Show,1
Azimut,1
américa Expo Center,1
Paulo Boat Show,1
Azimut Yachts,1
"Monness , Crespi , Hardt & Co",1
Square,1
Twitter code,1
ESBR,1
ESBR Energia Sustentável do Brasil,1
éreo Ia Air Canada Alitalia,1
Gol,1
Fitch Rating,1
Biocom,1
FAAP,1
Twitter Facebook,1
UT,1
Nextel,1
Nextel Telefónica Vivo Nextel,1
TIM Oi Nextel,1
Nextel Vivo Telefónica Sky Sky Telefónica Vivo América Móvil Claro Embratel Net,1
Sky Telefónica Vivo Folha AT & T Sky AT & T Sky,1
Comércio,1
Ibin Instituto Brasileiro do Vinho,1
Hausfeld,1
Google Google Google Hausfeld Avisa,1
Avisa Google Google,1
Google Hausfeld Google,1
bras,1
Sindicato,1
C Folha,1
Força Sindical UGT,1
Volvo Volvo Caminhões,1
MV,1
MRV Engenharia e Participações,1
Shell BG BG,1
Windpower,1
Celg,1
Apple Netflix Variety Apple Variety Apple Apple Variety,1
CN Folha,1
Pamrol,1
Pampetrol,1
Fidelity Worldwide Management,1
Fenrave,1
Boeing,1
Boeing Boeing Boeing Boeing Jorgan,1
Volvo Volvo,1
"Alco "" Ethnos """,1
Banco Fator Itaú Bradesco Fator,1
Elektro Folha,1
Fi Chevrolet Volkswagen Ford Hyundai Vero,1
Allianza da Delta Delta,1
France Stratégie,1
O Ordem dos Advogados do Brasil,1
IEE Instituto de Estudos Empresariais Instituto Liberdade IEE Instituto de Estudos Empresariais Aclame Associação da Média Sulro Sincato do Comércio Varejista de Combustíveis e Lubrificantes no Rio Grande do Sul Rede SIM CDL Câmara de Dirigentes Lojistas de Porto Alegre Instituto Ludwig von Mises Movimento Endireita Brasil,1
Petrobras Vale Itaú Unibanco Bradesco Bloomberg,1
Banco Mizuho,1
Microsoft Windows i Apple Android Google IDC Statista Google Play App Store Windows Phone Store,1
Instituto Brasileiro de Governança Corporativa IBGC,1
Sir Apple,1
Fi Chevet Volkswagen Ford Hyundai Hy,1
change Comon,1
Banco do Brasil Caixa,1
Federal Bradesco,1
Hon Takata Takata,1
Allianza,1
Folha Essentium,1
Allianza Infraestrutura Delta,1
Essentium Folha,1
Ib Itaú Unibanco Bradesco Banco do Brasil Bloomberg,1
Vale Itaú BBA,1
ha,1
IDV Instituto para Desenvolvimento do Varejo,1
Riachuelo,1
Pinterest Twitter Facebook Instagram The New York Times,1
""" Huffington Post",1
NT Facebook,1
OAS Galvão Engenharia Engevix UTC,1
Odebrecht TransPort,1
Odebrecht Andrade,1
Odebrecht Transport CCR TransPort,1
Odebrecht Andrade Gutierrez Camargo Corrêa Odebrecht TransPort CCR Andrade Gutierrez Camargo Corrêa grupo Soares Penido,1
Tak Takata,1
OAS Odebrecht Camargo Corrêa,1
New School for Social Research,1
Berkshire 3G Heinz Kraft Heinz Berkshire 3G 3G Heinz Tim Hortons Burguer King Berkshire 3G,1
BM & FBovespa Vale,1
Rio Bravo,1
Spinelli,1
Magliano Corretora,1
Softplan,1
3G Berkshire,1
Berkshire 3G,1
s Óleos Vegetais Abve,1
Berkshire,1
3 Berkshire 3G Berkshire,1
de Filosofia e Ciências Human,1
s de,1
Amazon Washington Post,1
""" Fast Company """,1
Centro de Estudos em Microfinanças e Inclusão Financeira da FGV,1
SP,1
Kantar,1
do Insper,1
Bom Pra Crédito,1
Instituto FGTS Fácil,1
Intel Reers,1
Intel Altera Corp Intel Altera Intel Altera Altera,1
Cielo Banco do Brasil Caixa Seguradora,1
Instituto de Gestão de Fornecimento ISM,1
Caixa Bradesco,1
and Exchange Commission,1
uri,1
WAN - IFRA,1
Associação de Jornais e Publishers de Jornais WAN - IFRA,1
Malásia Khazanah Khazanah Malaysia Airlines Bhd MAB Malaysian Airline System Bhd MA,1
Malaysia Airlines,1
Odebrecht Andrade Gutierrez Camargo Corrêa,1
CVS Odebrecht,1
op,1
Walmart Walmart Hiper Bompre,1
Braskem Braskem Braskem,1
Odebrecht Braskem Braskem,1
Braskem Ibespa,1
TV Bloomberg,1
Sya Instituto GPO,1
Walmart Brasil Walmart,1
Brasil Telecom EBX,1
Planova,1
Folha UTC,1
Constran UTC,1
UTC Bradesco Itaú Santander Banco do Brasil HSBC ABC,1
Rio,1
B & BR,1
JBS Swift,1
Folha Nomura Barclays UBS Credit Suisse Standard Chartered HSBC JP Morgan / Chase Morgan Stanley Merril Lynch Citigroup Banco Standard de Investimentos,1
Banco Standard de Investimentos Banco Tokyo - Mitsubishi UFJ Barclays Citigroup Credit Suisse Deutsche Bank HSBC JP Morgan Chase Merril Lynch Morgan Stanley Nomura Royal Bank of Canada Royal Bank of Scotland Standard Chartered UBS,1
Fenravee,1
do Texas em,1
United Airlines,1
American Airlines,1
American United Delta Southwest American US Airways,1
American Airlines US Airways,1
sizado,1
BBC BBC BBC Three,1
Oliver & Ohlbaum BBC BBC,1
BBC i BBC,1
Top Trader,1
Icatu Vanguarda,1
Folha Mercedes Sindicato dos Metalúrgicos do ABC Mercedes - Benz,1
BS,1
Iedi Instituto de Estudos para o Desenvolvimento Industrial Natura,1
Cargill JBS Tyson Foods,1
Smithfield Swift Tyson Smithfield Pork Cargill JBS Moy Park Marfrig,1
Moy Park JBS Austrália Primo Smallgoods,1
Casas Bahia Magazine Luiza,1
Lew ' Lara \ TBWA,1
O Boticário YouTube O Boticário Boticário Rece Aqui Boticário Gol Boticário,1
Constran,1
Odebrecht Transport,1
Morgan Stanley,1
CNEE,1
CFSC,1
BM & FBovespa Ib Itaú Unibanco Bradesco Vale Valor Econômico,1
Associação Peço a Palavra AP,1
TAP DGN,1
BM & FBovespa Itaú Unibanco Bradesco Vale,1
Lehman Brothers,1
Bloomberg Morgan Stanley,1
Polar,1
Pontofrio,1
Caixa Seguridade Caixa Seguros Holding Pan Seguros Pan Corretora Caixa Seguridade,1
ulo Thymos Energia,1
Sy Nova Democracia To Potami K,1
"Prorata Efymerida yon Syntakton """,1
Banestado Itaú,1
Perão Seara Sadia Perão,1
BRF Perdigão Seara JBS,1
Sadia Perdigão BRF Perdigão Sadia Sadia Perdigão,1
Perdigão,1
Unilever Nestlé Pepsicoker,1
Indgo,1
Escola Stern de Administração de Empresas,1
Greut Fund,1
Homege,1
Uber Bloomberg Uber Uber,1
Elebras Eletronorte,1
CPFL Energia CPFL Energia,1
Cengage Learning Senac,1
BG Valor Econômico BTG Pactual BTG Pactual Rede D ' Or,1
GIC Rede D ' Or São Luiz,1
ChiNext,1
GIC Rede D ' Or São Luiz GIC BG BTG,1
BG BM & FBovespa BTG Pactual,1
ComDinheiro Folha Estapar BG,1
bil,1
ComDinheiro BTG Pactual,1
BHP,1
BTG Pactual XP Investimentos Easynvest Bradesco Itaú Moody ' s BG,1
BTG Folha BTG Rede D ' Or,1
G GIC BG Estapar BTG Bradesco Itaú BG F,1
FGV / Ibre BNP Paribas,1
ecial,1
Instituto Acende,1
Folha D ' OR BTG Pactual,1
Folha BT,1
BM & FBovespa BTG Pactual,1
BTG Pactual BG MS,1
GIC,1
Top Seven Parters BTG Pactual Holding BG BG,1
BTG Pactual Holding,1
BTG Pactual Holding S . A . Top Seven Partners BTG Pactual Holding BTG Pactual Holding,1
Mitsui Mitsui Miti,1
Mitsui Mitsui,1
ro Mitsui Gás e Energia do Brasil japonesa Mitsui,1
Bosch Bosch,1
Volkswagen Bosch Volkswagen Bosch Volkswagen Audi Bosch Reers Bosch,1
Bosch Volkswagen,1
BRF BRF,1
BRF Universal Meats Universal,1
BRF Eclipse Holding Cooperatief UA Campo Austral,1
Samarco Vale BHP,1
Fitch Ratings Vale,1
Algatas Mizuno Havaianas,1
MillerCoors,1
CS CSN CS,1
Sindipetro - NF Sindicato dos Petroleiros do Norte,1
Boa Vista SCPC,1
Eletrobras Tractebel EDP Energias do Brasil CPFL Energia Ibovespa,1
Molson Coors SABMiller,1
Anheuser - Busch InBev SA AB InBev SA AB InBev Lazard Barclays,1
AB InBev,1
co BHP Billiton,1
MillerCoors Molson Coors,1
SA Molson Coors AB InBev SA Budweiser AB Inbev Miller Molson Coors AB InBev SA,1
Alpargatas Camargo Corrêa Sza,1
Y Skill Pearson Algatas Algatas Havaianas Osklen,1
Topper,1
Alpargatas,1
CSN Namisa,1
s CSN CSN,1
CSN Congonhas Minérios Nam CSN Pedra,1
Seeking Alpha,1
BHP BHP,1
Whatscall Economatica,1
Vale Samarco Vale BHP,1
it,1
Capital Spreads,1
Iedi Instituto de Estudos para Desenvolvimento Industrial,1
Bradesco FGV,1
pecafi - FEA / USP,1
Conde Consultoria,1
co BHP,1
Hon Volkswagen,1
Fitch Fitch,1
Standard & Poors,1
BP Bank of England Opep Organização dos Países Exportadores de Petróleo,1
Pré - Sal Petróleo SA PPSA,1
Shell Qatar ONGC,1
Instituto de Economia da,1
Endeavor EY Ernst & Young Meta Opinion Box SEDI Spectra Investimentos,1
CPFL Energia,1
CPFL CPFL,1
TripAdvisor Ipsos TripAdvisor,1
Instituto Brasileiro,1
Folha IBP,1
Fiat Chrysler Automobiles,1
Shell Brasil,1
Starcks McDonald ' s,1
EBC Serviços,1
Itaú Bradesco Banco do Brasil Santander Fibria Klabin Suzano BR Properties,1
BR Properties BM & F & Bovespa Folha BTG Pactual BT,1
oit Coeure,1
IBMEC - RJ Bloomberg,1
Instituto Tecnológico de,1
Unicamp,1
CircleUp,1
Mouth,1
Cratejoy . com,1
Naturebox,1
Abeb,1
s Mitsui Energia Sustentável do Brasil,1
Bahiagás,1
japonesa Mitsui Gasro,1
Gasro,1
Itaú Bradesco Banco do Brasil Santander Ib Cemig,1
Jornal do Comércio Folha BM & F,1
Val,1
"Capital Aberto """,1
Agência Estado,1
"Jornal do Comércio """,1
Cait,1
S & P Banco do Brasil Safra Bradesco BNDES Santander Banco do Nordeste HSBC Brasil Petrobras Eletrobras Neoenergia Samarco S & P,1
War on Want,1
BG B,1
Alibaba Yahoo ! Yahoo !,1
board,1
Yahoo ! Yahoo !,1
Tumblr,1
Google Yahoo ! Yahoo ! Google Facebook Yahoo !,1
The Wall Street Journal Alibaba Yahoo ! Yahoo ! Mail Softbank Yahoo !,1
Uber Zomato,1
Uber Uber Uber,1
Grupo BTG Pactual,1
BTY ' Moody ' s BTG,1
Standard & Poor ' s BTG Pactual,1
Harvard Business Review,1
Uber Ublect Tesla Motors,1
Escola de Administração de Empresas da Universidade Harvard Harvard Business Review,1
Folha Agrosatélite,1
Fiat Starbucks Amazon Apple McDonald ' s,1
Instituto Braudel,1
BH Airport,1
RIOgaleão,1
McDonald ' s Starbucks Havana Vivara MAC Tommy Hilfiger,1
Grupo Bittencourt,1
Jin Jin Wok,1
Montana Grill,1
It Beach,1
Bain,1
Bain & Company,1
Ermenegildo Zegna Burberry,1
Prada Hermès Louis Vuitton Gucci Chanel Christian Louboutin Ralph Lauren Armani,1
McDonald ' s McDonald ' s,1
Apple War on Want McDonald ' s,1
Algatas,1
Mundo Verde Ronaldo Academy,1
Samsung Samsung,1
Volkswagen of America Volkswagen,1
Bloomberg Bloberg,1
Businessweek Bloomberg,1
Volkswagen of America General Motors Ford Fiat Chrysler,1
Autotrader . com,1
Volksgen Volksgen,1
Bloomberggen Volkswagen,1
School of Economics,1
Warren Technical Center da GM,1
LSE,1
MIT,1
"fDi Markets "" Financial Times """,1
fDi Markets,1
Mesirow Financial,1
Glassdoor Economic Research,1
Bloomberg Businessweek Bloomberg,1
Bloomberg Bloomberg Markets Bloomberg Pursuits,1
Wall Street Journal Businessweek,1
Bloomberg Businessweek,1
Grupo Êxito,1
GP GP Via Varejo GPA Via Varejo GP,1
Grupo Pão de Açúcar Via Varejo Casas Bahia Ponto Frio,1
Google X Loon,1
Toyota Audi Uber Universidade Carnegie Mellon,1
Alphabet Google Google Roush,1
Hyundai Motors America Truar,1
Premise Premise,1
Valor Premise,1
Tesla Motor SpaceX,1
Valor Equity Partners,1
Google Premise,1
Iron Group Inc .,1
General Motors Google Apple GM,1
Proving Ground,1
Alibaba,1
Caixa Seguridade IRB Instituto de Resseguros do Brasil,1
Assembleia de,1
Mais AD Vivo Porto Seguro,1
Porto Seguro Mais AD Mais AD,1
Assembleia Vivo Mais AD Vivo,1
Eletrobras,1
Furnas,1
EcoPorto grupo EcoRodovias Sindicato dos Empregados Terrestres em Transportes Aquaviários e Operadores Portuários do,1
TAP Atlantic Gateway Azul,1
Seport,1
Seport Ecoporto Santos,1
Reers Volkswagen Volksgen,1
Volksgen Moody ' s Volkswagen Fitch,1
Samsung,1
The Guardian ComplianTV,1
Treviso Corretora Folha,1
Caixa Seguridade IB,1
Caixa Seguridade,1
Caixa Seguridade Participações,1
Paty Dica,1
BRF Sadia BRF,1
GoodMark Mantyícia Molinos BRF,1
ar,1
Abars Aéreas,1
Dudalina Itaú,1
o Aoki Blue Tree Hotels,1
Mulheres do Brasil,1
Magazine Luiza Mulheres do Brasil,1
do HSBC,1
Avianca TAP,1
Azul DGN,1
DGN,1
Carphone Warehouse Experian,1
Sony Staples Target Home Depot,1
T - Mobile US Experian Experian T - Mobile,1
Volksgen Por,1
Coty,1
Apple Foxconn,1
Foxconn,1
Foxconn Greenace Apple First Solar,1
First Solar,1
PUC - Rio,1
"Volksgen Bild am Sonntag """,1
T - Mobile Experian Experian,1
Diamond Offshore,1
Diamond Diamond Oceian Oceper,1
Ocean Courage Diamond,1
Oce Courage Diamond,1
BRF BM & F Bovespa BRF,1
BRF Sadia Qualy,1
Jon Ol Ado Fin Zero,1
SCA Hypermarcas Folha,1
Hypermarcas Coty Cremer Disney Pompom Sapeka Bigfral Folha Hypermarcas,1
Activision King Digital King,1
YouTube Facebook Activision Blizzard Activision ABS Partners CV Activision Blizzard King,1
King,1
Activision Blizzard King Digital Microsoft Activision Activision Blizzard,1
Itaú Unibanco Reuters Itaú Itaú Unibanco,1
BM &,1
NYSE Euronext,1
BM & FBovespa BM & FBovespa CME Cep CM BM & FBovespap ICE Overseas Limited,1
p BM & FBovespa,1
B &vespa Itaú Ibespa Itaú,1
Activision Activision King,1
sh Saga Disney Marvel Lucasfilm,1
Activision Blizzard King Digital Activision,1
Camargo Corrêa Algatas,1
Pão de Açúcar Casino BRF,1
Coty Hypermarcas Coty Risqué Monange Bozzano Cenoura & Bronze Hypermarcas O Calvin Klein Davidoff Coty Coty,1
Pom Pom Cremer Disney Sapeka Bigfral Ol Lovetex Hypermarcas Coty,1
química Suape,1
Experian T - Mobile,1
Valor Econômico Folha Gasro Mitsui,1
PayPal Tesla Solar - City,1
Summit Global Management,1
Water Asset Management Cadiz Cadiz,1
"Fast Company """,1
Grey,1
wagen V,1
Ibope Inteligência,1
a Sindical,1
Anffa Sindical,1
Odebrecht OAS UTC,1
RC,1
sada da Branca,1
Hórtica,1
Connection Video,1
Hórticalores,1
Walmart Walmart,1
Alibaba Walmart,1
Walmart Walmart SZ DJI Technology,1
de Bares e Restaurantes,1
grupo Prevent Senior / Sancta Maggiore Unimed Paulistana Omint Omint,1
Apple Pay Phoenix Apple Pay Apple Pay,1
JPMorgan Chase Apple Pay Walmart 7 - Eleven Kmart Best Buy,1
Proteste Folha,1
Albert Einstein Sírio - Libanês laboratório Fleury,1
Shopping Itaquera,1
Shopping Nova América,1
Premiere Video,1
Connection,1
Buzzfeed Folha Folha,1
Washington Post Kindle Fire Amazon Amazon,1
instituto Data Popular,1
OGX OGX,1
PS,1
UFRJ LCA Tendências Credit Suisse,1
Lufthansa Lufthansa Lufthansa,1
Lufthansa Lufthansa,1
OGX OGPar,1
Associação dos Investidores Minoritários EBX,1
OGX DeGolyer and MacNaughton,1
Universidade Sorbonne Nouvelle,1
The Guardian Guardian,1
Guardian Guardian,1
The Scott Trust,1
"Newsnight "" BBC "" "" Guardian """,1
Academia Internacional de Mordomos,1
Hurun,1
Enersud,1
Solar Grid,1
Mer,1
Lew ' Lara TBWA Friboi Nissan Vale,1
Google Brasil,1
Lew ' Lara / TBWA,1
Cltempo,1
Thymos PSR,1
Thymos O OS,1
Novo Banco Santander BPI Bank of China Anbang Insurance Group,1
France Presse Santander,1
Santander Novo Banco Novo Banco Banco,1
Op Organização dos Países,1
es,1
GSB GSB,1
"New Zeland Herald """,1
"The Intercept "" O Folha O",1
FGV Direito Rio,1
Amazon Financial Times,1
Google Apple,1
Nissan,1
grupo EBX,1
Folha GE,1
INVX Global,1
Business Insider Intelligence Facebook Whp,1
Associação de Engenharia Automotiva,1
ânsito,1
Audi,1
Sete Brasil Standard Chartered FN Fundo,1
USP São Carlos,1
Hon Hyundai,1
Dream Car Art Toyota,1
"Es - USP Escola Superior de Agricultura "" Luiz de Queiroz "" Instituto Agronômico de Montpellier",1
F Faculdade de Economia e Administração da USP Esalq - USP,1
Icone Instituto de Estudos do Comércio e Negociações Internacionais Un da Indústria da Cana - de - Açúcar,1
SulAmérica Investimentos,1
Sete Santander Bradesco Sete Brasil,1
Caixa BB Santander Itaú Bradesco Caixa BB,1
Xinhua,1
con,1
scon -,1
Tempo,1
Pou Tempo,1
Banco Original,1
Santander Santander,1
Santander Selec Original,1
Banco Original J & F JBS,1
Alcatel - Lucent,1
Writers in Residence,1
Corcoran,1
Standard Chartered FGCN Standard Chartered Sete Summo Mitsui The Bank of New Scotia Bradesco BBI Citibank Sete Bradesco Banco do Brasil Itaú BBA Santander Folha FGCN Sete,1
Construção Naval Sete FGCN Folha,1
"GSB New Zeland Herald "" The Intercept """,1
O Organização Comércio,1
TRR Securitas,1
Reuters Opep,1
Pão de Açúcar Carrefour Pão de Açúcar,1
Grupo Pão de Açúcar,1
Telefónica O2 Hutchison Whampoa Ltd .,1
The Wall Street Journal Telefónica,1
Hutchison O2 Three,1
O Three Hutchison,1
Organização dos Países Exportadores de Petróleo Opep,1
4Brothers,1
Ab de Panificação e Confeitaria,1
"Biscoito , Massas , Pães e Bolos",1
Vivo / Telefônica Claro / NET / Embratel Lenovo / CCE Vivo Claro Lenovo Itaú,1
OI Bradesco GPA Grupo Pão de Açúcar Pão de Açúcar Extra Pontofrio . com CasasBahia . com,1
Rico Fi,1
American Press Institute Associated Press - NORC Center for Public Affairs Research,1
Grupo Pão de Açúcar Casino Casino,1
Odebrecht Óleo e Gás S & P,1
S & P Odebrecht Óleo e Gás,1
S & P Standard & Poor ' s Odebrecht Óleo e Gás,1
Kraft Foods Kraft Kraft,1
Berkshire 3G Capital Heinz Berskhire Hathaway,1
Hein Tim,1
Anheuser - Busch Budweiser InBev 3G Capital Kellogg Mondelez International PepsiCo Coca - Cola,1
Heinz Burger King,1
Tim Hortons,1
Kraft Foods Bloomberg Kraft,1
3G Capital,1
Mauá Sekular Investimentos,1
TIM TIM Oi Telefónica,1
Telefónica,1
Three O2 Telefónica O Three Telefónica O British Telecom BT O E,1
Telefónica O2 Hutchison Whampoa,1
Facebook Twitter YouTube Instagram Reddit Facebook,1
Fudan,1
Standard Chartered Sete Sete Sete Sete,1
Vale Folha,1
Unifoz,1
mentos Bebidas Ab,1
Estrela Souza Cruz,1
Omni Financeira,1
Sorocred,1
Etco Instituto Brasileiro de Ética Concorrencial,1
Compartibike Grupo Berkley TRR Securitas,1
Sales Talent,1
Otimize Seguros,1
RSA Group,1
r - SP Folha,1
Pro Testedor,1
Sindicato Nacional da Indústria de Produtos para Defesa Vegetal,1
Souza Cruz Ibope,1
São Paulo Investments S & P Folha,1
Sete Sete Petros Previ Funcf FI - FGTS BTG Bradesco Santander Petrobras Sete,1
Standard & Poor ' s S & P,1
Standard & Poor´s,1
Ib Cyrela Gafisa PDG Even MRV Cyrela Gafisa Even Bradesco BBI,1
mor,1
ggócio,1
Abq da de Máquinas e Equipamentos,1
Santander Itaú Bradesco Caixa Banco do Brasil Sete Sete Santander,1
Sete Folha,1
Standard Chartered Folha Standard Chartered Sete Sete Sete Brasil,1
Standard & Poor´s Sete Brasil,1
Pesquisas e Estudos Econômicos,1
Cummins América do Sul,1
Bradesco Santander BB Itaú BBA Bradesco Santander Sete,1
Standard Chartered,1
Escola,1
Peeot,1
Data Popular Data Popular,1
CCR,1
Pamplona,1
Carrefour Odebrecht,1
Comercial de São Paulo,1
S & P Sete Brasil Standard & Poor ' s Sete Sete,1
Bradesco BTG Pactual Santander FI - FGTS Previ Funcef Banco do Brasil Caixa,1
dos Países Exportadores de,1
Andrade Gutierrez Camargo Correa Soares Penido,1
Fecap,1
AB Concessões Atlantis Bertin JSL Julio Simões Logística Ecorodovias C . R . Almeida Triunfo Arteris,1
AC Associação Comercial de São Paulo,1
Harvard Business School,1
Moody ' s Moodys Moody ' s,1
Moody ' s Val Moody ' s,1
Walpires Corretora,1
Carrefour Atacadão Carrefour,1
Carrefour Property Brasil Saphyr,1
a Plaza,1
Saphyr Forever 21 Cinépolis Renner Riachuelo,1
Cosmopolitano Shopping,1
Carrefour Property,1
Bradesco BBI,1
japonesa Mitsui Itaú BBA Gasmig,1
Petrobras Distribuidora Bradesco BBI,1
do Comércio e Serviços,1
CN,1
Folha Ib,1
PRTESTE,1
C . L .,1
Mubadala,1
""" Valor "" OGX",1
"Valor Econômico """,1
Ourominas World Gold Council,1
Eni Eni,1
Fi Nisan Facebook GM,1
VBG,1
Calvin Klein Brasil,1
Kipling Ri Happy,1
Ápice Associação pela Indústria e Comércio Esportivo,1
B Votorantim Votorantim,1
BSG Resources na,1
VG,1
Cofap Brastemp Bombril Itaú e Valisère,1
Amec,1
W / McCann,1
The One Club Creative,1
Organizações Globo Grupo Globo,1
Folha UOL Grupo Folha,1
Rede Bandeirantes HSBC,1
PUC - Rio Itaú Bradesco,1
heiro Público & Cia Folha,1
BB Seguridade,1
Iedi Instituto de Estudos para o Desenvolvimento Industrial,1
Burberry,1
Victoria ' s Secret H & M Forever 21 Ross Marshalls,1
Apple Ipsos Apple,1
Apple Reers Ipsos Apple,1
Finance365,1
Loggi,1
Crowdtask,1
Usiminas TIM Oi Ibespa Oi TIM Oi Portugal Telecom PT Oi PT TIM Oi Vivo Claro Oi Telecom Italia TIM Oi ALL Rumo Logística Usiminas Ternium Nippon Usiminas Nippon,1
BSP,1
Intelipost,1
Prestus,1
BSP Business School São Paulo,1
Startup Farm,1
Facebook Google Twitter,1
Rota das Bandeiras,1
Un - de Açúcar Folha,1
Toyo Soares da Costa Soares da Costa Soares da Costa Soares da Costa,1
Rdio,1
Enel,1
BM &pa,1
Eletrobras Elebras Eletrobras,1
TV Receita YouTube,1
Carbon3D,1
R SiriusXM,1
Spotify Universal Music Group Spotify,1
Toyo Setal,1
EcoRodovias Folha,1
Camargo Corrêa Andrade Gutierrez,1
EcoRodovias BM &Bovespa,1
Besi Brasil Securities,1
Standard and Poor´s,1
Comp Cher Je Je Chrysler Dodge Ram Grupo FCA Je FCA Fiat Chrysler Automobiles,1
Moeda,1
Ab Alimentos Bebidas,1
Folha Souza Cruz,1
Interma Associação Indústria Farmacêutica de Pesquisa,1
CNN International Pangaea,1
Twitter Pangaea,1
Guardian,1
Guardian News & Media Rubicon Project,1
""" Guardian "" "" Financial Times "" CNN International Thomson Reuters "" Economist "" Guardian Pangaea",1
Conselho Espanha Brasil,1
doss,1
Buscapé Company,1
Folha Sete Sete,1
Sete Sete Standard Chartered Sete Standard Sete B,1
Standard Chartered Sete Brasil,1
Standard Chartered Bank Folha FN,1
Chevet AppShop Apple Google Nisan Ni Nit Google Facebook Twitter Ford Ford Ap,1
Chrysler Brasil Je,1
Hon,1
Globo,1
Abicalçados,1
Maersk,1
Maersk Line,1
Buena Suerte,1
São Paulo Investments BM & FBovespa,1
Do,1
NGO Corretora,1
dos Metal,1
é Volkswagen,1
dos Metalúrgicos,1
da Volkswagen,1
Coimex,1
AB Concessões Atlantis Bertin JSL Julio Simões Logística Ecorodovias grupo C . R . Almeida Triunfo Arteris Arteris,1
Abiquim,1
Abit,1
FolhaPebras,1
Jaguar Brasil,1
Buscapé E - bit,1
Americanas Casas Bahia Magazine Luiza Fast Shop Ponto Frio Buscapé Company Baixou,1
ABBA,1
Ab,1
eim,1
Petrobras Credit Suisse,1
Companhia das Letras,1
BM &Bovespa EcoRodovias,1
Data,1
EBX LLX OGX MPX CCX,1
Instituto Brasileiro de Ética Concorrencial EO Folha,1
Bratoa,1
Abagens,1
CVC Agaxtur,1
American Airlines no,1
Azul Gol Avianca,1
Gol TAM,1
SGR Consultoria,1
OAS Queiroz Galvão,1
Pirelli China National Chemical Corp . ChemChina Pirelli,1
ChemChina China National Tire & Rubber Camfin Pirelli,1
Oi Folha Portugal Telecom Portugal Telecom Oi Folha Oi PT Oi Oi Oi PT Oi CorpCo PT PT Oi,1
LFT Marketing Esportivo,1
Marcondes & Mautoni,1
Instituto Aço Brasil,1
T Folha,1
Norte Energia,1
ig Eletrobrás Chef Eletronorte Eletrobrás Petros,1
Neoenergia Cemig Light J . Malucelli,1
Eas,1
CD,1
Sinesp Transamérica São Paulo,1
Queiroz Galvão OAS,1
OAS Folha Queiroz Galvão,1
OAS Investimentos OAS S / A O,1
Alvarez & Marsal OAS OAS S / A Construtora OAS OAS Empreendimentos OAS Arenas SPE Arenas Multiuso OAS Infraestrutura OAS Imóveis OAS Investimentos OAS Investments GMBH,1
OAS Folha,1
FGV Bradesco,1
Sandria Projetos e Construções,1
SGR Consultoria Empresarial,1
Cimento Penha,1
Grupo Comercial de Cimento Penha,1
Folha SGR Mitsubishi,1
SGR Consultoria Empresarial Ltda .,1
Mitsubishi,1
Bloomberg Estado de São Paulo,1
Carrefour Extra Pão de Açúcar Walmart Sonda Supermercados Mambo SOS Consumidor,1
Folha Queiroz Galvão,1
Queiroz Galvão OAS Queiroz Galvão,1
GR Transamérica São Paulo,1
dos Aeroviários,1
Azul,1
Vargas FGV FGV / IBRE,1
OAS S / A Construtora OAS OAS Empreendimentos OAS Arenas SPE Arenas Multiuso OAS Infraestrutura OAS Imóveis OAS Investimentos OAS Investments GMBH,1
Dias Carneiro Advogados,1
Reclame Aqui Reclame Aqui,1
CPFL Energisa Borborema,1
Ampla,1
CGC Compañia General de Combustibles,1
Banco Mizuho do Brasil FGV Fundação Getulio Vargas,1
ulhos Sindicato dos Aeroviários,1
"The New York Times """,1
"Facebook Facebook The Guardian National Geographic The Huffington Post BuzzFeed Quartz "" The New York Times Company",1
Centro Knight para o Jornalismo nas Américas,1
Nieman Journalism Lab Universidade Harvard Facebook,1
BSI BTG Pactual,1
BSI,1
Sete Brasil OAS Empreendimentos OAS Soluções Ambientais OAS Defesa OAS Óleo e Gás SPE Arenas,1
OAS Inpar,1
Land Rover landrover,1
Societe Generale,1
IC Futures,1
bi,1
Eco Instituto Brasileño de Ética de Competencia,1
Folha RBS Gerdau,1
TIM Marcopolo Embraer PP,1
TIM Embraer Banco Safra Marcopolo Partido Progressista Partido,1
Volks Mercedes GM Ford,1
Renault do Brasil,1
Folha Rena Folha,1
IBP Instituto Brasileiro do Petróleo,1
OAS OAS Folha OAS,1
Enseada,1
Guarulhos,1
OAS Enseada Sete Brasil OAS Empreendimentos OAS Soluções Ambientais OAS Defesa,1
Geral Brasil OAS,1
Queiroz Gavão Folha Queiroz Galvão,1
Columbia University Press Amazon,1
Sete Brasil Atlântico Sul Sete Brasil Sete Brasil,1
J & F JBS,1
Batista Corp,1
Companhia das Letras The New Yorker,1
Grifo Bradesco,1
HSM Waze Tesla Netflix Uber,1
HarperBusiness Amazon Apple Intel Microsoft,1
Academia de Marketing Abrak Revista Propaganda UOL Grupo Folha Abrak,1
""" Valor Econômico "" Grupo Folha Grupo Globo "" Valor "" Valor """,1
""" Valor "" Valor PRO Val Empresas",1
""" Valor "" Gazeta Mercantil """,1
"Folha "" Valor "" ' Val '",1
Grupo Folha Organizações Globo Redação,1
Data Popular Google Nielsen Ibope,1
Sete Brasil Atlântico Sul Camargo Corrêa Queiroz Galvão,1
Camargo Corrêa Queiroz Galvão IHI Marine Folha Sete Brasil,1
Estaleiro Atlântico Sul,1
Moleskine Hello Kitty Batmans Adobe FiftyThree Evernote Live,1
Moleskine SpA,1
Molkine,1
SolarCity,1
AES Alevo LG Chem Tesla,1
Lazard,1
Tesla Motors,1
B & H,1
Abercrombie Abercrombie,1
Macy ' s Louis Vuitton Prada,1
Prada noHo Bloomberg Macy ' s Folha,1
Louis Vuitton,1
Facebook Companhia das Letras,1
SurveyMonkey,1
""" Financial Times",1
Abq de Máquinas eipamentos Abaggócio,1
ICE,1
Ibope Media grupo WPP,1
Extra Clube Extra Assaí Atacadista Giga Atacado Lacta Walmart Walmart,1
Paulo Folha,1
Dirigentes Lojista,1
mercados das Câmaras,1
S & P Standard & Poor ' s Oi S & P Oi S & P Oi Oi S & P,1
Sete Brasil Petrobras BTG Pactual Bradesco Santander,1
Sete Brasil Standard Chartered Sete Bradesco Banco do Brasil Caixa Itaú Santander Sete,1
"Machado , Meyer , Sendacz e Opice",1
DM9DDB W Ibope W,1
EC -,1
WPP Ogilvy JWT Newcomm / Y & R,1
Ibope Kantar Media WPP Kantar,1
Ibope,1
Ibope W Ogilvy Pulso W Ibope Kantar W,1
M . F . M . M .,1
Apple IBM i,1
R Consultoria Empresarial,1
Davos Energia Ltda .,1
Davos SGR Folha Bradesco,1
Infraestrutura & Regulatório Siqueira Castro,1
Folha Apple,1
G N Rede Globo Net Embratel Claro Globo Net EGPar,1
SBT TV Alphaville,1
SBT,1
Universidade La Sapienza,1
GTSGTS,1
FTS,1
Japan Post,1
He Researchit Apple IBM,1
IBM Face,1
BTG BSI BSI,1
BTG BSI Assicurazioni Generali,1
BSI Deutsche Bank Morgan Stanley Goldman Sachs HSBC Crédit Suisse UBS,1
Dimensional,1
Nacional,1
Danske,1
Oppenheimer,1
USS,1
Citigroup JPMorgan Scotia Capital HSBC Banco do Brasil Banco da China Bradesco Banco IMI Dimensional,1
Folha Dimensional Emerging Markets Value,1
MBB Mercedes,1
Central do Crédito PG,1
Sindicato dos Metalúrgicos do ABC MAN Volkswagen,1
Sindicato dos Metalúrgicos do Sul Fluminense Scania,1
Sindicato dos Metals da Grande Curitiba Volvo Ford,1
OAS Func,1
OAS Empreendimentos OAS Empreendimentos Folha,1
OAS Empreendimentos O Estado de S . Paulo,1
Folha Banco Safra,1
ars Aéreas,1
e Energia Estado de São Paulo,1
PwC PwC,1
Deloitte BNP Paribas,1
ículos Fiat Chrysler Automobiles FCA,1
Amaggi,1
Galvão Engenharia OAS Folha,1
OAS OAS soluções ambientais OAS Arenas OAS Óleo e Gás OAS Defesa OAS Energy OAS Logística OAS Empreendimentos OAS Empreendimentos,1
Bloomberg Bloomberg,1
Tonen General Exxon Sumitomo,1
O O OS O,1
SindusCon - SP SindusCon - SP Sindicato da Indústria da Construção Civil do Estado de São Paulo,1
dos Metals dos Metalurgicos do ABC Paulista,1
WikiLeaks,1
Google WikiLeaks,1
The New York Times Google,1
Portugal Murad - Direito de Negócio,1
Portugal Telecom Oi Oi PT Oi CorpCo PT PT Oi Oi PT,1
PT Novo,1
GVT Telefónica Vivo TIM GVT Vivo Telefónica Telecom Italia TIM,1
Lacta Kraft Mondelez Kraft Heinz Kraft Heinz,1
Kraft Mondeléz,1
Heinz Tim Hortons Philphia,1
Burger King 3G,1
3 Capital,1
Kraft Foods H . J . Heinz Heinz 3G Capital,1
TAM SA TAM LAN,1
TAM Fator,1
Stemac,1
Gruposq,1
Abq Máquinas e Indústrias,1
Vivo GVT GVT,1
GVT Vivo,1
Vivo TIM GVT Vivendi Telefónica Vivo Telecom Italia Vivendi Vivo TIM,1
IBGE Instituto,1
Caracol Chocolates,1
Folha B,1
Korean Air Lines,1
VRG Linhas Aéreas Gol Korean Air Lines,1
Vivo Vivendi GVT Telecom Italia Oi TIM Oi,1
Portugal Telecom Vivo Telefônica Telesp Vivo GVT Vivo TIM Telefónica Telecom Italia TIM,1
GVT Telefónica,1
GVT,1
"Alumini OAS Engevix Galvão Engenharia Galvão Engenharia Galvão Participações CAB Ambiental Galvão Óleo e Gás Concessionária de Rodovias Galvão BR 153 Galvão Finanças Galdino , Coelho , Mendes e Carneiro Folha Galvão Engenharia Galvão Participações Galvão",1
Mais Econômica,1
Guararapes,1
PUC - SP Mackenzie FGV - SP Brasil Pharma Big Ben,1
Pão de Açúcar,1
Pão de Açúcar Brasil Pharma Brasil Pharma Enéas Pestana & Associados,1
Brasil Pharma,1
Cury MRVsa,1
Vitacon,1
Gerdau RBS Cimento Penha Boston Negócios J . G . Rodrigues Café Irmãos Julio Mundial - Eberle Ford Mitsubishi Santander Safra Bradesco,1
. O . I,1
Embraer Grupo Air France - KLM KLM Cityhopper KLM KLM Cityhopper Embraer,1
Apple Xiaomi Airbnb,1
3G Capital Kraft Foods Heinz,1
Kraft 3G Kraft Heinz 3G Heinz Burger King,1
Bernstein Burger King Heinz,1
Heinz Heinz,1
Geoimovel,1
Even,1
Silvaco,1
Den Aqui Twitter Facebook,1
Denuncio,1
Ibevar Instituto Brasileiro de Executivos de Varejo e Mercado de Consumo,1
Protes Folha,1
Feito à Mão,1
FGVção FV,1
jistas,1
Crédito SPC Brasil CNL,1
SP Brasil,1
Burger King Kraft,1
Heinz Kraft 3G,1
AB InBev Burger King,1
KPMG,1
Folha Instituto Lula,1
Abu Dhabi Investment Authority Muala,1
raestrutura,1
Dhabi Global Markets,1
PwC USS,1
USS ( Universities Superannuation Scheme ),1
Folha Transamérica,1
Transamérica São Paulo,1
RBS Gerdau,1
"Higiene Pessoal , Perfumaria e Cosméticos Abpec",1
Vita Derm Cosméticos,1
Ab Confção USP Leste,1
Associaçãoiana de Supermercados Atakarejo,1
"Conwy , Amazon",1
Boitempo New Left Review,1
Atlas PUC Minas UFMG,1
Folha Safra,1
Banco Safra RBS Administração e Cobrança Ltda . Grupo RBS Caoa Folha RBS Caoa,1
Fitch Standard & Poors Moody ' s,1
ra,1
de Investimento em Infraestrutura AB,1
Euroclear,1
Caja de Valores,1
Citi,1
Galvão Engenharia OAS Dias Carneiro Advogados,1
TozziniFreire,1
Veirano Advogados Serasa Experian,1
Raymundo da Fonte Brilux,1
Moovexx,1
FGV / Ibre,1
Pro,1
Medolac,1
Instituto de Alimentos para a Saúde na Universidade da Califórnia em Davis Evolve Biosystems Evolve Glycosin Jennewein Biotechnologie Glycom Medolac Laboratories Prolacta,1
Prolacta Bioscience Prolacta,1
Pague Menos,1
PUC - Rio Opus Gestão de Recursos,1
Odebrecht OAS UTC Kawasaki,1
JAC Motors,1
Pinheiro Neto,1
Machado Meyer Sendacz Opice,1
New Core,1
New,1
Sapeka,1
Standart Oil Esso,1
